{"accuracy": [0.6941973567008972, 0.6875, 0.8125491738319397, 0.84375, 0.8383857011795044, 0.96875, 0.8487323522567749, 0.84375, 0.860410213470459, 0.875, 0.8722696304321289, 0.90625, 0.8916923999786377, 0.875, 0.8952623009681702, 0.875, 0.8978036046028137, 0.9375, 0.9008289575576782, 0.90625, 0.902765154838562, 0.96875, 0.9099050164222717, 0.96875, 0.9132328629493713, 0.9375, 0.9161372184753418, 0.875, 0.9161977171897888, 0.90625, 0.9183759689331055, 0.96875, 0.9197071194648743, 0.90625, 0.9210988283157349, 0.9375, 0.9229140281677246, 0.96875, 0.9219459295272827, 0.875, 0.9232165813446045, 0.9375, 0.9259393811225891, 0.9375, 0.9256973266601562, 1.0, 0.927028477191925, 1.0, 0.9296302795410156, 0.96875, 0.9309009313583374, 1.0, 0.9296908378601074, 0.9375, 0.932292640209198, 0.96875, 0.9313849806785583, 0.875, 0.9319295883178711, 0.9375, 0.9331396818161011, 0.90625, 0.9350759387016296, 0.875, 0.9352574348449707, 0.9375, 0.9344708919525146, 0.96875, 0.9343498349189758, 0.9375, 0.9366491436958313, 1.0, 0.9349549412727356, 0.96875, 0.9391298890113831, 0.90625, 0.9411266446113586, 0.875, 0.9391903877258301, 0.96875, 0.9411266446113586, 0.96875, 0.9405820965766907, 0.875, 0.9402190446853638, 0.90625, 0.9420342445373535, 0.90625, 0.9405215978622437, 0.9375, 0.9419132471084595, 0.9375, 0.9419132471084595, 0.9375, 0.9439099431037903, 0.9375, 0.9431838989257812, 0.90625, 0.9439099431037903, 0.9375], "loss": [0.8346846699714661, 0.8332881927490234, 0.5226626992225647, 0.6330397725105286, 0.4579140543937683, 0.24331051111221313, 0.41672447323799133, 0.4038691818714142, 0.38969099521636963, 0.384295791387558, 0.3694286644458771, 0.4019063115119934, 0.3313920497894287, 0.20502842962741852, 0.31845465302467346, 0.28412413597106934, 0.3041987717151642, 0.2017064094543457, 0.29646390676498413, 0.2633596658706665, 0.28388795256614685, 0.13193044066429138, 0.2757166922092438, 0.10876588523387909, 0.2670794725418091, 0.12182159721851349, 0.26505762338638306, 0.3462751507759094, 0.2527015805244446, 0.2333379089832306, 0.24921025335788727, 0.17595696449279785, 0.2426956295967102, 0.7105678915977478, 0.2457101196050644, 0.34478819370269775, 0.23497581481933594, 0.21990379691123962, 0.24127449095249176, 0.14110669493675232, 0.23718473315238953, 0.19508963823318481, 0.23411816358566284, 0.41223251819610596, 0.23240354657173157, 0.06251969188451767, 0.22092796862125397, 0.12998591363430023, 0.22024540603160858, 0.16029685735702515, 0.21428516507148743, 0.03635641932487488, 0.215668722987175, 0.16583183407783508, 0.21524366736412048, 0.08492150157690048, 0.21346572041511536, 0.2788793444633484, 0.21279071271419525, 0.09222526103258133, 0.2092733532190323, 0.13484463095664978, 0.20900148153305054, 0.2678844630718231, 0.20255576074123383, 0.26170551776885986, 0.2033015340566635, 0.1316361427307129, 0.20353581011295319, 0.16380569338798523, 0.1951439082622528, 0.05057176575064659, 0.20394307374954224, 0.1408979743719101, 0.19335275888442993, 0.42824018001556396, 0.1922680139541626, 0.2928459644317627, 0.19141776859760284, 0.12805397808551788, 0.19181720912456512, 0.1664009988307953, 0.19043971598148346, 0.29548871517181396, 0.18973301351070404, 0.2120371013879776, 0.1889144778251648, 0.30430302023887634, 0.18341480195522308, 0.18869400024414062, 0.18452204763889313, 0.1605089008808136, 0.1799767017364502, 0.13839642703533173, 0.17668980360031128, 0.26561447978019714, 0.1775984764099121, 0.1676255315542221, 0.17560750246047974, 0.10945022106170654], "val_accuracy": [0.8270348906517029, 0.6666666865348816, 0.8842054009437561, 0.6666666865348816, 0.8854166865348816, 0.6666666865348816, 0.8856589198112488, 0.6666666865348816, 0.9229651093482971, 0.75, 0.9089147448539734, 0.75, 0.9188469052314758, 0.6666666865348816, 0.9328972697257996, 0.75, 0.8066860437393188, 0.6666666865348816, 0.9164243936538696, 0.8333333134651184, 0.9275678396224976, 0.9166666865348816, 0.9186046719551086, 0.9166666865348816, 0.9348352551460266, 0.8333333134651184, 0.9270833134651184, 0.75, 0.9348352551460266, 0.75, 0.9343507885932922, 0.9166666865348816, 0.9328972697257996, 0.75, 0.9333817958831787, 0.8333333134651184, 0.9345930218696594, 0.8333333134651184, 0.9370155334472656, 0.8333333134651184, 0.9476743936538696, 0.8333333134651184, 0.9454941749572754, 0.8333333134651184, 0.9375, 0.8333333134651184, 0.950339138507843, 0.8333333134651184, 0.9367732405662537, 0.8333333134651184, 0.948401153087616, 0.8333333134651184, 0.9338662624359131, 0.8333333134651184, 0.9384689927101135, 0.8333333134651184, 0.9132751822471619, 0.8333333134651184, 0.9454941749572754, 0.8333333134651184, 0.9462209343910217, 0.8333333134651184, 0.9496123790740967, 0.9166666865348816, 0.9268410801887512, 0.8333333134651184, 0.9295058250427246, 0.8333333134651184, 0.9510658979415894, 0.8333333134651184, 0.8936530947685242, 0.8333333134651184, 0.9416182041168213, 0.8333333134651184, 0.9026162624359131, 0.8333333134651184, 0.9173933863639832, 0.8333333134651184, 0.9457364082336426, 0.8333333134651184, 0.9542151093482971, 0.8333333134651184, 0.9469476938247681, 0.8333333134651184, 0.9413759708404541, 0.8333333134651184, 0.9561530947685242, 0.9166666865348816, 0.9433139562606812, 0.8333333134651184, 0.9505813717842102, 0.8333333134651184, 0.9181201457977295, 0.8333333134651184, 0.926598846912384, 0.9166666865348816, 0.9532461166381836, 0.8333333134651184, 0.9537306427955627, 0.8333333134651184], "val_loss": [0.5294118523597717, 1.0162240266799927, 0.36269301176071167, 0.8974979519844055, 0.3199295699596405, 1.1156574487686157, 0.31323227286338806, 0.9969609379768372, 0.31820330023765564, 0.7840391993522644, 0.27334389090538025, 0.7244656085968018, 0.27088624238967896, 0.5881256461143494, 0.21861271560192108, 0.5489978194236755, 0.5040010213851929, 0.752711832523346, 0.25350865721702576, 0.5393316745758057, 0.23214004933834076, 0.2788945734500885, 0.2351158708333969, 0.3902232348918915, 0.20821352303028107, 0.28704455494880676, 0.2303749918937683, 0.3965587615966797, 0.23957142233848572, 0.30803343653678894, 0.22413185238838196, 0.30114686489105225, 0.2305404543876648, 0.40860310196876526, 0.250545859336853, 0.385211318731308, 0.1998584270477295, 0.26964500546455383, 0.2239185869693756, 0.37187108397483826, 0.2053089141845703, 0.31213846802711487, 0.1938227117061615, 0.33214178681373596, 0.22643183171749115, 0.37441888451576233, 0.17763198912143707, 0.2532178461551666, 0.2131723314523697, 0.35340771079063416, 0.2073758840560913, 0.36575761437416077, 0.24796196818351746, 0.43944934010505676, 0.2657106816768646, 0.48420724272727966, 0.31932979822158813, 0.5292253494262695, 0.20844660699367523, 0.27948468923568726, 0.20414096117019653, 0.2835344076156616, 0.1892586201429367, 0.2331107258796692, 0.24402956664562225, 0.2470947504043579, 0.31847646832466125, 0.4855109751224518, 0.1958262175321579, 0.25360846519470215, 0.41381949186325073, 0.3253743648529053, 0.21128162741661072, 0.3380126655101776, 0.3880683481693268, 0.3162566125392914, 0.26802781224250793, 0.4475559890270233, 0.20370981097221375, 0.23614759743213654, 0.16827517747879028, 0.2619250416755676, 0.1980324387550354, 0.2981148660182953, 0.22754549980163574, 0.3396551311016083, 0.19573481380939484, 0.19237907230854034, 0.22882579267024994, 0.4121570289134979, 0.19370891153812408, 0.24229855835437775, 0.28911295533180237, 0.3014550805091858, 0.25008219480514526, 0.30545929074287415, 0.21250683069229126, 0.27645227313041687, 0.17495527863502502, 0.28855517506599426]}