{"accuracy": [0.6534181237220764, 0.84375, 0.7779355049133301, 0.78125, 0.8158074021339417, 0.9375, 0.8299455046653748, 0.75, 0.8418691754341125, 0.8125, 0.8516920208930969, 0.90625, 0.8539631962776184, 1.0, 0.8691800832748413, 0.90625, 0.8769021034240723, 0.90625, 0.885930061340332, 0.90625, 0.893424928188324, 0.78125, 0.8978537321090698, 0.8125, 0.8985350728034973, 0.9375, 0.8994435667991638, 0.96875, 0.9063706398010254, 0.84375, 0.9050647020339966, 0.9375, 0.9059163928031921, 0.84375, 0.907392680644989, 0.78125, 0.9117079377174377, 0.9375, 0.913468062877655, 1.0, 0.9127867221832275, 0.96875, 0.9163638353347778, 0.875, 0.9158528447151184, 0.96875, 0.9177265763282776, 0.9375, 0.918294370174408, 0.9375, 0.9199409484863281, 0.96875, 0.9230638146400452, 0.90625, 0.9228934645652771, 0.90625, 0.9235748648643494, 0.9375, 0.9253917932510376, 0.875, 0.9238019585609436, 0.96875, 0.9260163307189941, 0.90625, 0.9284011125564575, 0.96875, 0.9280036091804504, 0.90625, 0.9295934438705444, 0.875, 0.9291391968727112, 1.0, 0.9284011125564575, 0.9375, 0.9269248247146606, 0.96875, 0.9307858347892761, 0.96875, 0.9316943287849426, 0.96875, 0.9317510724067688, 0.96875, 0.9314671754837036, 0.90625, 0.9305586814880371, 0.875, 0.9353281855583191, 1.0, 0.9357824325561523, 0.84375, 0.9330002069473267, 0.9375, 0.9337383508682251, 0.9375, 0.9352713823318481, 0.875, 0.9374858140945435, 0.90625, 0.9354985356330872, 1.0], "loss": [0.9664186239242554, 0.48370176553726196, 0.6344594359397888, 0.7096201181411743, 0.5417706966400146, 0.2263544350862503, 0.4936732351779938, 0.9754166603088379, 0.4541180729866028, 0.3235515058040619, 0.43420737981796265, 0.22007966041564941, 0.42175790667533875, 0.1022743433713913, 0.38707107305526733, 0.33681923151016235, 0.38296759128570557, 0.18127913773059845, 0.3494388461112976, 0.2721060812473297, 0.3336166441440582, 0.4851209223270416, 0.32550427317619324, 0.2653753161430359, 0.3169989585876465, 0.19778728485107422, 0.3144976794719696, 0.12855133414268494, 0.29224100708961487, 0.3414650857448578, 0.2977285385131836, 0.35069796442985535, 0.29036834836006165, 0.22171089053153992, 0.28364086151123047, 0.5036712884902954, 0.2775298058986664, 0.2509896755218506, 0.2749902009963989, 0.17007127404212952, 0.2724514305591583, 0.39451324939727783, 0.26571959257125854, 0.5165700316429138, 0.264651358127594, 0.1826770156621933, 0.2586367726325989, 0.12809553742408752, 0.2565457820892334, 0.1994931697845459, 0.2513303756713867, 0.11260490119457245, 0.24634414911270142, 0.7027145028114319, 0.24488386511802673, 0.20205461978912354, 0.24026687443256378, 0.1880359649658203, 0.24166667461395264, 0.36988595128059387, 0.23750697076320648, 0.12977704405784607, 0.23914483189582825, 0.1954691857099533, 0.22966675460338593, 0.14782947301864624, 0.2312927544116974, 0.2382892370223999, 0.22921216487884521, 0.4700147211551666, 0.22596251964569092, 0.09001319110393524, 0.22830162942409515, 0.37863069772720337, 0.22975224256515503, 0.15432658791542053, 0.22039705514907837, 0.07463165372610092, 0.21847863495349884, 0.1367984116077423, 0.21365974843502045, 0.12149593234062195, 0.21484865248203278, 0.15074050426483154, 0.22002623975276947, 0.28875187039375305, 0.21279361844062805, 0.016553260385990143, 0.21046952903270721, 0.6541325449943542, 0.21350659430027008, 0.18613462150096893, 0.2105192095041275, 0.14950774610042572, 0.21168486773967743, 0.38627851009368896, 0.20713819563388824, 0.1404203176498413, 0.20805715024471283, 0.08652515709400177], "val_accuracy": [0.7942517995834351, 0.8214285969734192, 0.8462591171264648, 0.8928571343421936, 0.8531022071838379, 0.8571428656578064, 0.8489963412284851, 0.8571428656578064, 0.8939324617385864, 0.8928571343421936, 0.8848084211349487, 0.8928571343421936, 0.9060218930244446, 0.8928571343421936, 0.9032846689224243, 0.9285714030265808, 0.9315693378448486, 0.9285714030265808, 0.9281477928161621, 0.9285714030265808, 0.9304288029670715, 0.9642857313156128, 0.935447096824646, 0.9642857313156128, 0.922901451587677, 0.9642857313156128, 0.9137773513793945, 0.9642857313156128, 0.8170620203018188, 0.8214285969734192, 0.935447096824646, 0.9642857313156128, 0.931797444820404, 0.9642857313156128, 0.9094434380531311, 0.9285714030265808, 0.922901451587677, 0.8928571343421936, 0.9201642274856567, 0.9285714030265808, 0.9283758997917175, 0.9285714030265808, 0.9349908828735352, 0.9285714030265808, 0.9215328693389893, 0.8928571343421936, 0.8284671306610107, 0.7857142686843872, 0.9078466892242432, 0.9285714030265808, 0.9406934380531311, 0.9642857313156128, 0.9087591171264648, 0.9285714030265808, 0.9194799065589905, 0.9285714030265808, 0.9007755517959595, 0.8928571343421936, 0.8857207894325256, 0.8928571343421936, 0.8617700934410095, 0.8571428656578064, 0.893704354763031, 0.9285714030265808, 0.8918795585632324, 0.8928571343421936, 0.8430656790733337, 0.8928571343421936, 0.8756843209266663, 0.8928571343421936, 0.9475364685058594, 0.9642857313156128, 0.9089872241020203, 0.8928571343421936, 0.9375, 0.9642857313156128, 0.9445711970329285, 0.9285714030265808, 0.9279196858406067, 0.9285714030265808, 0.9384124279022217, 0.9285714030265808, 0.9441149830818176, 0.9285714030265808, 0.869297444820404, 0.8928571343421936, 0.8921076655387878, 0.9285714030265808, 0.9003193378448486, 0.8928571343421936, 0.8601733446121216, 0.8928571343421936, 0.9258667826652527, 0.9285714030265808, 0.9190237522125244, 0.9285714030265808, 0.9007755517959595, 0.8928571343421936, 0.935447096824646, 0.9285714030265808], "val_loss": [0.5598304271697998, 0.3492337167263031, 0.4743008017539978, 0.2510111927986145, 0.4019182324409485, 0.2614445388317108, 0.3926122486591339, 0.2540034353733063, 0.32888010144233704, 0.20733687281608582, 0.3287339508533478, 0.22999678552150726, 0.2803764045238495, 0.17301476001739502, 0.27251285314559937, 0.1581025868654251, 0.23126104474067688, 0.15754464268684387, 0.25162237882614136, 0.14536061882972717, 0.2238704115152359, 0.14807942509651184, 0.2070579081773758, 0.16184678673744202, 0.22936198115348816, 0.13561661541461945, 0.28116363286972046, 0.16723908483982086, 0.6015655994415283, 0.5090286135673523, 0.20111751556396484, 0.1769665628671646, 0.23366262018680573, 0.19228124618530273, 0.2572364807128906, 0.17913977801799774, 0.2884657680988312, 0.2197241485118866, 0.280942440032959, 0.23576167225837708, 0.22676046192646027, 0.15267738699913025, 0.22399893403053284, 0.20118670165538788, 0.27728500962257385, 0.30247417092323303, 0.5193204879760742, 0.667079508304596, 0.29675737023353577, 0.22833587229251862, 0.19152013957500458, 0.19813242554664612, 0.26988521218299866, 0.22042980790138245, 0.25933167338371277, 0.20585700869560242, 0.29806458950042725, 0.3100692629814148, 0.34812864661216736, 0.43629032373428345, 0.4850142002105713, 0.5369623303413391, 0.3431040942668915, 0.16045556962490082, 0.34570983052253723, 0.30280986428260803, 0.4617784023284912, 0.2585484981536865, 0.433468222618103, 0.49212387204170227, 0.21136082708835602, 0.19273069500923157, 0.2975868582725525, 0.1885320097208023, 0.2777416706085205, 0.15917956829071045, 0.1914421021938324, 0.13486100733280182, 0.24477703869342804, 0.1560065746307373, 0.24465282261371613, 0.3137021064758301, 0.21507613360881805, 0.15545432269573212, 0.48137736320495605, 0.2858903110027313, 0.37395593523979187, 0.3275656998157501, 0.31860876083374023, 0.27874085307121277, 0.4776820242404938, 0.3340672552585602, 0.2768929898738861, 0.2741844356060028, 0.33566519618034363, 0.3343069851398468, 0.3361111283302307, 0.18308483064174652, 0.24066440761089325, 0.15106825530529022]}